<?xml version="1.0" encoding="UTF-8"?>
<!DOCTYPE suite SYSTEM "https://testng.org/testng-1.0.dtd">
<suite name="Suite">
<Listeners>
	<Listener class-name="WishList.Listeners"/>
</Listeners>
  <test thread-count="5" name="TRL Project">
    <classes>
      <class name="WishList.testCase1Login"/>
      <class name="WishList.testCase2SelectMakeAndModel"/>
      <class name="WishList.testCase3AddToWatchList"/>
      <class name="WishList.testCase4RemoveFromWatchList"/>
      <class name="WishList.testCase5SortCarList"/> 
    </classes>
  </test> <!-- Test -->
</suite> <!-- Suite -->
